"","X_1","X_2"
"1",0.190441135456786,0
"2",0.0619181070890718,0.00389555710448481
"3",0.142441052391115,0.0179944896137791
"4",0.213740355596064,0.0407731534557735
"5",0.107672256232059,0.0276455366227246
"6",0.0771609429975534,0.0250711101598097
"7",0.0653802776975241,0.0258858831634228
"8",0.0700041271048878,0.0329414417530026
"9",0.175731580460376,0.0966092538952799
"10",0.0837107167171058,0.0531244362399269
"11",0.159576679257992,0.115939243958802
"12",0.0985608497427655,0.0815366259633984
"13",0.221570552354011,0.208068598108923
"14",0.225849701319269,0.240505504074681
"15",0.155571188960005,0.188053263158982
"16",0.100131919388399,0.13781976350827
"17",0.133017075972326,0.20960137280268
"18",0.0955994857541897,0.173894819030414
"19",0.0784588719447495,0.166733590026482
"20",0.133560353694843,0.337334946573782
"21",0.119679702365989,0.368336249705839
"22",0.0936595397050118,0.364779823062114
"23",0.0695736966912635,0.36471809047229
"24",0.03825641240686,0.302830686554672
"25",0.0229170179135901,0.364255568915223
"26",-4.91495785483213e-17,0.305629427544773
"27",-0.0201317230729618,0.319984575167468
"28",-0.0487055775641164,0.385544345766682
"29",-0.0654742908884521,0.343228252680471
"30",-0.0970598517291515,0.378023164022664
"31",-0.0992079571442545,0.30533069645966
"32",-0.17825659195749,0.450224758028072
"33",-0.137690800577931,0.29260784567672
"34",-0.182142071620422,0.331315198323333
"35",-0.202624856970051,0.319285684747012
"36",-0.283364515105363,0.390017795494102
"37",-0.316031690909478,0.382016690458391
"38",-0.288785419476701,0.307525236805511
"39",-0.312200865228637,0.293176126819993
"40",-0.335422062874921,0.277485262676638
"41",-0.346563589622755,0.251793186519129
"42",-0.409253054455696,0.259719885936471
"43",-0.436633409282688,0.240041248055947
"44",-0.550365793777735,0.25898248415283
"45",-0.491284682521677,0.194513366103628
"46",-0.606945290447651,0.197208479402244
"47",-0.514583458652007,0.132122575948926
"48",-0.59747099260164,0.113973687368417
"49",-0.673436830621178,0.0850748562350904
"50",-0.548534135353572,0.0345108426030383
"51",-0.594239666080102,-1.9112445669358e-16
"52",-0.544213536072744,-0.0342390135369488
"53",-0.644144899973368,-0.0813744248428661
"54",-0.614086361218199,-0.117143238445647
"55",-0.594542783091283,-0.152652641069417
"56",-0.566912224616521,-0.184200947813121
"57",-0.58677625275138,-0.232321153361643
"58",-0.602051695062397,-0.283304023139655
"59",-0.515439495639715,-0.283365260651829
"60",-0.645000843412645,-0.409329982161916
"61",-0.56114946958469,-0.407698954220928
"62",-0.472525856909886,-0.390907385168153
"63",-0.575242029861304,-0.540188222013097
"64",-0.491210107086822,-0.523085634921824
"65",-0.51625306154235,-0.624042751667934
"66",-0.494001113069597,-0.679934200721628
"67",-0.437347188341264,-0.689148896092054
"68",-0.338226349816078,-0.61523144636797
"69",-0.30969219710727,-0.658129419235673
"70",-0.291743967257718,-0.736861148428551
"71",-0.255257912799317,-0.785603075956175
"72",-0.183309457926799,-0.713943201501468
"73",-0.164837625754639,-0.864109095280645
"74",-0.11329514265289,-0.896823399643512
"75",-0.0470253285282088,-0.747446193089115
"76",-1.49279094451445e-16,-0.812664379784837
"77",0.0536606845619867,-0.852912157123003
"78",0.104255056539937,-0.825263749591011
"79",0.162877988849105,-0.853836318869511
"80",0.221851852214776,-0.864055916266451
"81",0.255610636001137,-0.786688646347596
"82",0.370716653634022,-0.936323385556237
"83",0.399148163474532,-0.848233024500415
"84",0.481840827950994,-0.876465212307175
"85",0.521141847707316,-0.821188151264912
"86",0.539770921528661,-0.742930937588112
"87",0.596255507968474,-0.720749096921887
"88",0.723008763769673,-0.76992613302164
"89",0.746019375723709,-0.700558824355506
"90",0.744697717675787,-0.616067530062909
"91",0.886052277673112,-0.64375466176553
"92",0.876884351826027,-0.556487731383288
"93",0.838268347928174,-0.460841924059461
"94",0.96303534897338,-0.453170036771648
"95",0.939780486348361,-0.37208541666686
"96",0.914771553717866,-0.297227295356512
"97",0.982742134713614,-0.252325293689078
"98",0.975118906910165,-0.186013879869331
"99",1.07584857308733,-0.135911281540254
"100",1.17402776862786,-0.0738635664097666
"101",1.19729989655316,7.70171717877733e-16
"102",1.05001404381784,0.0660612841784592
"103",1.16731841001165,0.14746660918547
"104",1.11284709613293,0.212286937096663
"105",1.13574129266631,0.29160880062434
"106",1.15352427599067,0.374802757352173
"107",1.11229709870394,0.440389575481334
"108",1.1345643170346,0.533885442334456
"109",1.04592657337401,0.575002999564404
"110",0.978875416052501,0.621213228918474
"111",1.03074069658812,0.748876951417141
"112",0.918632523146125,0.7599589150567
"113",0.888547757669457,0.834401883855596
"114",0.837904881220812,0.892278070980357
"115",0.772706376206247,0.934041556670841
"116",0.760522695453974,1.04676968813085
"117",0.701664216723682,1.10564588791892
"118",0.571561909437562,1.03966725367
"119",0.527591955419282,1.12118997655351
"120",0.469164510469304,1.18497428836614
"121",0.3946351431846,1.21456208337004
"122",0.309943784425986,1.20715133982303
"123",0.229058229088167,1.20076528764485
"124",0.16121527920468,1.27615033959385
"125",0.0780755670703937,1.24097560201059
"126",-7.67989835287074e-16,1.31950933197513
"127",-0.0856145003465364,1.36080351504314
"128",-0.173183052224107,1.37088501783443
"129",-0.268232530750968,1.40612416862316
"130",-0.327119083941423,1.27404471489206
"131",-0.442948808046976,1.36325625433758
"132",-0.541519996750373,1.36772338586188
"133",-0.578784357703619,1.2299793690515
"134",-0.650972416930284,1.18411443056242
"135",-0.783645002370747,1.23482693546083
"136",-0.896572311120872,1.23402591942183
"137",-0.926370098441061,1.11978908864375
"138",-0.998146900966182,1.06291849028436
"139",-1.03642905778771,0.973271668108188
"140",-1.20177978153922,0.994198698504324
"141",-1.22863744995334,0.892657358891158
"142",-1.30833077230957,0.83029195567849
"143",-1.32299048693346,0.727320174998448
"144",-1.34149634517259,0.631260263415004
"145",-1.35603318848937,0.536891520182223
"146",-1.39753050355966,0.454085186692825
"147",-1.48243261289663,0.380624002177755
"148",-1.61214006404833,0.307532164622512
"149",-1.66218559130568,0.209982872611722
"150",-1.63949350995615,0.103148188643409
"151",-1.68151871077716,6.17759549186678e-16
"152",-1.66613208661442,-0.104824145829977
"153",-1.64508665561352,-0.207822774693644
"154",-1.63503388756086,-0.311899395025319
"155",-1.58996563498102,-0.408233789547489
"156",-1.65626195811555,-0.538152132313023
"157",-1.49863738703884,-0.593352516560109
"158",-1.53433059770387,-0.722001174850487
"159",-1.54694784893385,-0.850441776650982
"160",-1.42257051968715,-0.902790703910874
"161",-1.41203722737278,-1.0259050968131
"162",-1.2877609529775,-1.06532850951707
"163",-1.32008512564118,-1.23964244597701
"164",-1.25072088322634,-1.33188246307154
"165",-1.14355537303496,-1.38232098719446
"166",-1.05741984753826,-1.45541356049905
"167",-0.915572100853233,-1.44271077856649
"168",-0.853187403188426,-1.55194212506502
"169",-0.750424937984908,-1.59473416905272
"170",-0.626082837843205,-1.58130474210292
"171",-0.558414476513361,-1.71862304128552
"172",-0.470536513755599,-1.83261872493323
"173",-0.340182085318509,-1.78329694224553
"174",-0.21784359531173,-1.72440961865939
"175",-0.112711242947994,-1.79149390544468
"176",2.50760480803561e-15,-1.86059345300309
"177",0.110672593860436,-1.75909050610156
"178",0.229878525949174,-1.81967590418596
"179",0.368332450340125,-1.93086632356419
"180",0.494776933022161,-1.92702892467217
"181",0.613395081350778,-1.88783594365756
"182",0.732637699346229,-1.85043160136855
"183",0.777161165161442,-1.65155154394495
"184",0.936232676416953,-1.70300091628632
"185",1.08790689796751,-1.71426696631745
"186",1.19506918168372,-1.64487161538175
"187",1.22999003267929,-1.48680254258278
"188",1.34919593921141,-1.43674774666557
"189",1.47839073447649,-1.38830130769485
"190",1.54358851918609,-1.27696747804785
"191",1.54241163152178,-1.12062764599071
"192",1.71965344443861,-1.09132526092901
"193",1.69653051038514,-0.932675540671205
"194",1.87381477507592,-0.881750302758496
"195",1.98883592290497,-0.787435846781145
"196",2.03763404814227,-0.662067435956211
"197",2.05808684486017,-0.528426887606992
"198",2.09533294051825,-0.399706135448484
"199",1.97279679573661,-0.24922219300588
"200",2.11536480877349,-0.133087473064065
"201",2.00739429127425,2.58254145718955e-15
"202",2.18034158972928,0.137175465617114
"203",2.0887097107421,0.263865399512402
"204",2.06678996853577,0.39426127234119
"205",2.14754280408936,0.551395274111885
"206",2.05808207257328,0.668711401842903
"207",1.93943135326987,0.76787519390001
"208",2.04531582377483,0.96245257046665
"209",1.97617206988704,1.08640978895381
"210",1.79679147110625,1.14027854122677
"211",1.76939293659744,1.28553921719034
"212",1.67763204528906,1.38785792673207
"213",1.60110522676338,1.50353788632191
"214",1.57406757198632,1.67621171352809
"215",1.48860972287681,1.79942004575886
"216",1.32114144306781,1.81839519662374
"217",1.18955603007377,1.87444036870154
"218",1.05482441157497,1.91871848172209
"219",1.00694386707202,2.13986464182528
"220",0.846683142621206,2.13847751057636
"221",0.724284787968309,2.22911936815654
"222",0.563237305409644,2.19366447087417
"223",0.417171625628415,2.18689024637558
"224",0.286864885143045,2.27076938612044
"225",0.143864402961478,2.28665920430718
"226",-2.98327914680385e-15,2.43476548707113
"227",-0.154389594777603,2.45395233761878
"228",-0.294575154642351,2.33180245375794
"229",-0.443531551505219,2.32507381700631
"230",-0.572956817947957,2.23151947288614
"231",-0.752256134178623,2.31520631990064
"232",-0.86746944295817,2.19097771231779
"233",-1.0143704635169,2.15564696262902
"234",-1.13698601446064,2.06816988255692
"235",-1.32391636834283,2.08615838419368
"236",-1.42583636754551,1.96249539783993
"237",-1.52657391636159,1.84531087243272
"238",-1.75346410399283,1.86724961664439
"239",-1.82403330253805,1.71288128377594
"240",-1.98035464155126,1.63829183803173
"241",-2.08307059403713,1.51343937540536
"242",-2.19592708810181,1.39357770610934
"243",-2.20303170301263,1.21112692765935
"244",-2.20843642558035,1.03921129920617
"245",-2.33941809835195,0.926241149425834
"246",-2.42142792213964,0.786769624911485
"247",-2.51749697305229,0.646383360037673
"248",-2.54567464445841,0.485613409959563
"249",-2.47263660286148,0.312366645162587
"250",-2.50549364471702,0.157632298963502
"251",-2.69468442364596,-3.1367572725973e-15
"252",-2.58086837449206,-0.162374475006638
"253",-2.62875021151128,-0.332088380310296
"254",-2.59623102214511,-0.495257554790518
"255",-2.47833274323742,-0.636327694933809
"256",-2.58399042630703,-0.83958938438442
"257",-2.49870310669237,-0.989306545609394
"258",-2.37849372596003,-1.11923419052423
"259",-2.33412497866464,-1.28319606582024
"260",-2.28925591367529,-1.4528059798354
"261",-2.15351735166782,-1.56462194078414
"262",-2.01528097623299,-1.66718541488958
"263",-2.04279291432355,-1.9183102329909
"264",-1.81345503872233,-1.93113347353129
"265",-1.78314329773209,-2.15544997798272
"266",-1.58861575804296,-2.18654200794594
"267",-1.50952217485114,-2.37862633659691
"268",-1.33684400795733,-2.43171022314255
"269",-1.152422116293,-2.44902165826138
"270",-1.05175833854186,-2.65643833012885
"271",-0.841846328247392,-2.59093658527843
"272",-0.708762912859925,-2.7604492907005
"273",-0.533307384239467,-2.79569521334658
"274",-0.344012644260023,-2.72314048000152
"275",-0.174915064102427,-2.78019533024367
"276",3.21587051274796e-15,-2.91603412996046
"277",0.179309440049379,-2.8500419357932
"278",0.35315710927064,-2.79552637410699
"279",0.551821329911238,-2.89274871536873
"280",0.742795513973471,-2.89299752072213
"281",0.914397541646308,-2.81422626035837
"282",1.06904863604536,-2.70010863664744
"283",1.28367882426651,-2.72795636115758
"284",1.45388109681797,-2.64459989746147
"285",1.62191277343203,-2.55572558179133
"286",1.72573823574075,-2.37527490713939
"287",1.89019280872456,-2.28485060798549
"288",1.97723952953266,-2.10554624136696
"289",2.11171493083826,-1.98303231452519
"290",2.35536030766607,-1.94852350518924
"291",2.37510759862693,-1.72561667899116
"292",2.59911744728596,-1.64945008863135
"293",2.6560385332656,-1.46016954006602
"294",2.6979756373786,-1.26957096653122
"295",2.77279292232257,-1.09782638054358
"296",2.92462671659981,-0.95026882435225
"297",2.90801503747917,-0.746651356917769
"298",3.0938838105816,-0.590189901347294
"299",3.05298771744485,-0.385682040748411
"300",3.02012654554979,-0.190010256677181
"301",3.07180131836794,-2.257048447292e-15
"302",3.0465095271271,0.191670133184283
"303",3.11547555605217,0.393576090560121
"304",3.1392011765235,0.598834651238391
"305",3.05433268534707,0.784219343641904
"306",2.92608723963739,0.950743377053966
"307",2.84970203879968,1.12827685388877
"308",2.94726530479857,1.38687777969435
"309",2.83186914155822,1.55683323497278
"310",2.7711812758294,1.75864511463435
"311",2.55596143307135,1.85701468106786
"312",2.5271490493903,2.09063951185162
"313",2.3765397985409,2.23171941839283
"314",2.23942230881091,2.38474254369406
"315",2.09704235613024,2.53488875857519
"316",1.87822144955174,2.58515004580417
"317",1.75843919772593,2.77085680270163
"318",1.61379768602629,2.93548709335964
"319",1.42993649084551,3.03876972379152
"320",1.24126518441456,3.13507798597982
"321",1.03805615771746,3.19480834727043
"322",0.840184201717772,3.27230141646527
"323",0.618691823137546,3.24329611702066
"324",0.412162263943291,3.26260026775263
"325",0.208847642928493,3.31953822606257
"326",-3.37092008680365e-15,3.43844176693819
"327",-0.213433318832366,3.39242545735601
"328",-0.428560801419519,3.39240805813306
"329",-0.630669631958023,3.30608598975704
"330",-0.837644139273994,3.26240852641126
"331",-1.07932027726807,3.32180624868735
"332",-1.27920544462003,3.23090414468143
"333",-1.4609952112495,3.10477286436983
"334",-1.63545412791813,2.97488001492101
"335",-1.82360075717187,2.87353499055078
"336",-2.07218196025729,2.85211378602465
"337",-2.14530881287235,2.59323288226642
"338",-2.34283440099875,2.49486523685579
"339",-2.48623238721562,2.33472761558331
"340",-2.67355079776479,2.21175357112315
"341",-2.85345485320771,2.07315630259868
"342",-2.97252775118772,1.88642347338922
"343",-3.14366825602182,1.72824624869872
"344",-3.26018517431853,1.53412669317203
"345",-3.37463146769274,1.33611111742971
"346",-3.4225548475993,1.11205548142242
"347",-3.43210591947263,0.881215024280321
"348",-3.49141842643154,0.666023685055711
"349",-3.4762533544704,0.439152925591445
"350",-3.5371858974629,0.222540873753183
"351",-3.61135925911367,-9.73437999266387e-15
"352",-3.61221866512442,-0.227261535363734
"353",-3.61085547325186,-0.456157127594642
"354",-3.66125631255536,-0.698421994557071
"355",-3.43599039119569,-0.882212387101891
"356",-3.51681633255704,-1.14268289448136
"357",-3.34496006351115,-1.32436337745387
"358",-3.25043962586486,-1.52954078616892
"359",-3.23896885800434,-1.78063819799539
"360",-3.09294409783213,-1.96284201070954
"361",-3.01894128017188,-2.19338922959583
"362",-2.80739434227953,-2.32247858064972
"363",-2.75749553612189,-2.58946066793118
"364",-2.60124967530039,-2.77004955387491
"365",-2.35830912504955,-2.85070603026109
"366",-2.20623935552429,-3.03662796117562
"367",-2.00287048512114,-3.15601888072401
"368",-1.7855290490152,-3.24786528298283
"369",-1.59144259062513,-3.38198765644794
"370",-1.36509852194401,-3.44784529412122
"371",-1.16781054876391,-3.59415130047032
"372",-0.928327097810447,-3.61559533123505
"373",-0.725252197080484,-3.80190515970161
"374",-0.476224862376873,-3.76970795102927
"375",-0.242586618012747,-3.85580387852531
"376",3.34294056067475e-15,-3.89664585487917
"377",0.243393202320052,-3.86862416896801
"378",0.488619806186494,-3.86782403425611
"379",0.742183553866834,-3.89066244025295
"380",0.981267101610745,-3.82178303277619
"381",1.20601169445917,-3.71172233767779
"382",1.41936924294019,-3.58491748853599
"383",1.66875823132788,-3.54629175641822
"384",1.90407219370367,-3.46349446268261
"385",2.09719854208675,-3.30465611462257
"386",2.36303343707348,-3.25243650025678
"387",2.55632316758218,-3.09006389014819
"388",2.76314164792599,-2.94244699453799
"389",2.93603145494576,-2.75711705524035
"390",3.09314817988444,-2.5588747139542
"391",3.17894482901664,-2.3096386124633
"392",3.38340071212455,-2.14717138323884
"393",3.53280632139762,-1.94217671048436
"394",3.6824096502579,-1.73281045020266
"395",3.82786169224445,-1.51555765776342
"396",3.89879491950741,-1.26679526092074
"397",3.84864907725531,-0.988165129408683
"398",4.09062344758645,-0.780328156061601
"399",4.14504456667391,-0.523640903739334
"400",4.13436235443115,-0.26011203183504
"401",4.10345286196098,1.05583015551074e-14
"402",4.0262451682392,0.253309875041393
"403",4.153666691562,0.524730131417338
"404",3.97524545631502,0.758318627115098
"405",4.05555238999251,1.04128887093512
"406",3.99465657076608,1.2979425995281
"407",3.83909526180241,1.5200053425902
"408",3.7164942659731,1.74884945289709
"409",3.70976278823577,2.03945935136423
"410",3.60291437117248,2.28647898734521
"411",3.37176597672778,2.44973137657428
"412",3.2680315501721,2.70355082001033
"413",3.03200250429294,2.84723986932625
"414",2.83968691864497,3.02395942874209
"415",2.66590618392649,3.22252700204002
"416",2.50409478250222,3.44659078578226
"417",2.32643121617962,3.66586901025931
"418",2.01458738831356,3.66452085539996
"419",1.82560488799309,3.87960786842986
"420",1.56605015631974,3.95539118607758
"421",1.35110173809268,4.15826357637676
"422",1.06569774831868,4.15061869077907
"423",0.821923884514557,4.30867589232701
"424",0.534424420238413,4.23040488928237
"425",0.273779117046777,4.35159445321392
"426",-3.22167201065939e-15,4.38059625327587
"427",-0.276683219645444,4.39775384219951
"428",-0.545327768560221,4.31671377844115
"429",-0.827174149816854,4.33619874689117
"430",-1.07123345620405,4.17217884951251
"431",-1.38320642479705,4.25707164211288
"432",-1.58986531866376,4.01554141999588
"433",-1.84103852406526,3.91240601458834
"434",-2.12619217413517,3.86752920717371
"435",-2.38070457083157,3.75139013270543
"436",-2.67290240313397,3.67893454285754
"437",-2.79014029105247,3.37270024039386
"438",-3.08356933075377,3.28366781939547
"439",-3.30404427799025,3.10270409902147
"440",-3.5279231069244,2.91855181390659
"441",-3.63103450886122,2.63810099134272
"442",-3.85475667072085,2.44630297057647
"443",-3.95492482672584,2.17423832256521
"444",-4.18390292933093,1.96879527460243
"445",-4.18974453495159,1.65883721109451
"446",-4.34159832170241,1.41067080785284
"447",-4.49470319476325,1.1540436332206
"448",-4.39575765581879,0.838535619327805
"449",-4.51312456651185,0.570140221337289
"450",-4.51493240341124,0.284055469833327
"451",-4.68915519895963,-1.14910934917277e-14
"452",-4.6328354809487,-0.291473302724799
"453",-4.63854197526023,-0.585984124630816
"454",-4.49602496277441,-0.857662631078576
"455",-4.51002274708695,-1.15797702571771
"456",-4.47641620126972,-1.45447579232862
"457",-4.26169704234908,-1.68732522407641
"458",-4.2798779617421,-2.01395769674333
"459",-4.17801119050477,-2.29688108889347
"460",-3.9942125094432,-2.53480433698491
"461",-3.73840661832233,-2.7161113951879
"462",-3.57145048167212,-2.95456078991724
"463",-3.38063422627059,-3.17462684777405
"464",-3.17465726072974,-3.38066661277896
"465",-3.03262386915851,-3.66581253470841
"466",-2.75110857911355,-3.78657610954504
"467",-2.56015574231829,-4.0341599321445
"468",-2.28707492712164,-4.16017384846011
"469",-2.07121600575158,-4.40155806219673
"470",-1.79768295920181,-4.54042886397626
"471",-1.46239023526444,-4.50077435199925
"472",-1.17134942471926,-4.56210480255157
"473",-0.899795298701355,-4.71689214121511
"474",-0.60780120334222,-4.81124193610684
"475",-0.306225681736611,-4.86731783070586
"476",2.92971697013468e-15,-4.7794595760759
"477",0.303879437130138,-4.83002534059351
"478",0.615737180553444,-4.87406166425584
"479",0.930627443120104,-4.87851990245746
"480",1.20303532893924,-4.68551325161426
"481",1.49012878558068,-4.58614483165259
"482",1.8136797942971,-4.58083225737054
"483",2.1358325603931,-4.53887523058664
"484",2.33871915066177,-4.25411434234066
"485",2.60777421303828,-4.10919463547649
"486",2.93640888560575,-4.04162010125866
"487",3.13587033841281,-3.79061607694979
"488",3.34287598857552,-3.55980136345175
"489",3.69074480030184,-3.46584006050431
"490",3.9132720595365,-3.23734019181246
"491",4.093752614085,-2.97428537326586
"492",4.30147427333185,-2.72979858174607
"493",4.41494727653264,-2.42713780445961
"494",4.55710606543379,-2.14441134008884
"495",4.74277953648239,-1.87779925804605
"496",4.87427181364841,-1.58374691704726
"497",4.82811442495483,-1.23964908719032
"498",5.02018449527759,-0.957651409493668
"499",5.05354325980362,-0.638410978961495
"500",5.13982261407002,-0.323370229506986
"501",5.12726535205729,-6.27888172786269e-15
"502",-0.127018637349829,1.55547830352461e-17
"503",-0.186468609225928,-0.0117316105027001
"504",-0.15393445050171,-0.0194464434533242
"505",-0.211421236595737,-0.0403307578463023
"506",-0.0995057163069776,-0.0255487255547631
"507",-0.228513102093501,-0.0742484077174593
"508",-0.216231949259929,-0.0856122851089337
"509",-0.0665465574005536,-0.0313144329503413
"510",-0.216562280181701,-0.119056121019364
"511",-0.147176469915604,-0.093401027952868
"512",-0.163308802074388,-0.118650789904653
"513",-0.167517215426544,-0.138582292789808
"514",-0.171558301137206,-0.161103968159697
"515",-0.0939806190266573,-0.10007919435016
"516",-0.109846029363399,-0.132781040017346
"517",-0.121273724913601,-0.166918962399275
"518",-0.141484705546456,-0.222944221983123
"519",-0.116080739377997,-0.21115008106797
"520",-0.144340402241495,-0.306738968520198
"521",-0.0728753165905291,-0.184062038984873
"522",-0.0777833936966101,-0.239392670245678
"523",-0.0758202122597514,-0.295300229957931
"524",-0.0613362503191826,-0.321535884350267
"525",-0.0482697655305731,-0.382094538295894
"526",-0.0185391888450772,-0.294671968466968
"527",-6.57886855223579e-17,-0.358148751594126
"528",0.0251587178019169,-0.399886368316723
"529",0.047970188283201,-0.379723140201034
"530",0.0777771623205078,-0.407722163302139
"531",0.11651955858402,-0.453813718254693
"532",0.122194165958805,-0.376074972910276
"533",0.183876499184608,-0.464419023405213
"534",0.142958404078508,-0.303802072928748
"535",0.178128138807531,-0.324013881641643
"536",0.227577324861615,-0.35860448262808
"537",0.214900823608997,-0.295785608309789
"538",0.32011245275151,-0.386949484156883
"539",0.322919420357272,-0.34387425582087
"540",0.40867825870931,-0.383774429696693
"541",0.340389048713225,-0.281594310716709
"542",0.327556524889915,-0.23798374565817
"543",0.42021537524703,-0.266676786256521
"544",0.454672823889841,-0.249958500159064
"545",0.491511555401613,-0.231287781775076
"546",0.471763194040951,-0.186784262040687
"547",0.517373117931276,-0.168104716317302
"548",0.539688254831765,-0.138568392043814
"549",0.641112950211085,-0.122298836027209
"550",0.477334856635924,-0.0603014157494782
"551",0.596502445241365,-0.0375287528583489
"552",0.568264740426093,-1.39180122355804e-16
"553",0.70189664816718,0.0441595940658898
"554",0.549252433278698,0.0693867185061104
"555",0.708061219372186,0.135069901390563
"556",0.570928022932854,0.146589401200182
"557",0.674183562493145,0.219055518330491
"558",0.66552311246265,0.263499240726199
"559",0.55447061512061,0.260914066457545
"560",0.654823585762853,0.35999231263868
"561",0.587877342966726,0.373078306435664
"562",0.571102248929961,0.414930071687121
"563",0.575289586654749,0.475920935849575
"564",0.520335822940435,0.488627861757052
"565",0.567545499171629,0.604374571080929
"566",0.417941158546131,0.505204075371893
"567",0.398859031443865,0.548982359695978
"568",0.423837664473728,0.667861292768588
"569",0.329433148279222,0.599236672150446
"570",0.373941111040429,0.794665311351502
"571",0.298855200161288,0.75482207249948
"572",0.268027874487192,0.824904976813306
"573",0.213339434098234,0.830902236628879
"574",0.137020238972732,0.71828524702306
"575",0.101829843895447,0.806066214747407
"576",0.0563591376429673,0.895802840627722
"577",2.40402367828634e-16,0.78523965543136
"578",-0.0538413807933441,0.855784241475433
"579",-0.120499033470254,0.953848067270103
"580",-0.153141844692228,0.802797663826981
"581",-0.213522133924423,0.831613805471524
"582",-0.253146554001775,0.779104981743911
"583",-0.34503682738466,0.871463548215251
"584",-0.352214602559895,0.74849413060535
"585",-0.40788951439128,0.741948272314491
"586",-0.455105070279191,0.717130840553317
"587",-0.525452150453787,0.723222839957289
"588",-0.621812538965419,0.751642240490173
"589",-0.719286503637022,0.765962328578812
"590",-0.711484465656206,0.668128385169336
"591",-0.743786125576585,0.615313395493069
"592",-0.847146248796187,0.615487777190641
"593",-0.916088800846886,0.581367631281513
"594",-0.963731578516623,0.529815918754597
"595",-1.0201174581285,0.480030838436308
"596",-0.904346278275379,0.358056021221201
"597",-0.916695760439414,0.297852508019966
"598",-1.12180229595544,0.288029874561676
"599",-0.992892383412546,0.189404351841051
"600",-1.00199965111556,0.126581993128645
"601",-1.03923191212451,0.0653829299506879
"602",-1.03228886756115,3.79244251858646e-16
"603",-1.10075734082034,-0.0692537818247231
"604",-1.01440026966472,-0.128148555562307
"605",-1.05896628763117,-0.202008623171168
"606",-1.07833151289891,-0.276868474521749
"607",-1.09619934171775,-0.356176757121643
"608",-1.05278851150265,-0.416828459044361
"609",-1.02423974480998,-0.481970639305527
"610",-1.02424310903247,-0.563082414166988
"611",-1.02812734206223,-0.652469451605465
"612",-1.00586583362901,-0.730804305599042
"613",-0.900501282720416,-0.744959448506827
"614",-0.944177981811954,-0.886642141538037
"615",-0.827029329302052,-0.880696784483041
"616",-0.79991409263926,-0.966930036167181
"617",-0.712533395116988,-0.980718082770968
"618",-0.642072832617847,-1.01174489194158
"619",-0.624544075216467,-1.13604145544815
"620",-0.555750524402329,-1.18102998164379
"621",-0.48642068830782,-1.22855841844806
"622",-0.419606513252569,-1.29141605792894
"623",-0.34150889137128,-1.3300893145633
"624",-0.264540898923058,-1.38677195686738
"625",-0.173702716515559,-1.37499858427358
"626",-0.0880212432678623,-1.39905759833381
"627",1.84961171207713e-15,-1.37237551589496
"628",0.0912787349872168,-1.45083394654559
"629",0.160606650214554,-1.27133254505061
"630",0.275881471070917,-1.44622131798131
"631",0.328679907523482,-1.28012372138609
"632",0.428864135841681,-1.31990809056483
"633",0.5011368502449,-1.26572720067634
"634",0.597262285295381,-1.26924696399976
"635",0.713739953072426,-1.29828815495345
"636",0.758989696726095,-1.1959763903544
"637",0.866500290105124,-1.19263533338372
"638",0.936503562378008,-1.13203834233388
"639",1.06881703350271,-1.13817453777718
"640",1.11579484349688,-1.04780110171242
"641",1.21237343016472,-1.00296252681769
"642",1.2906241628325,-0.937693341969126
"643",1.31377155095508,-0.833744778800597
"644",1.3820176534269,-0.759770634383971
"645",1.39573284389553,-0.65678202245203
"646",1.35685581596034,-0.537217221438785
"647",1.43331855186454,-0.465713428476815
"648",1.49446603068288,-0.383713658731339
"649",1.61003781408883,-0.307131138995123
"650",1.55689109738652,-0.196681084641118
"651",1.52842567342447,-0.0961603926654365
"652",1.60941055221483,-7.88357755260425e-16
"653",1.63009128721007,0.102556650927897
"654",1.63875238410622,0.207022570111218
"655",1.57750908666779,0.300925952374375
"656",1.52306230236829,0.391055933369372
"657",1.54774623172161,0.502893235456611
"658",1.61416176312574,0.639091852751797
"659",1.54014523054447,0.724737333373638
"660",1.49602838887178,0.822448566594715
"661",1.40577138965427,0.892129651810053
"662",1.37012846533818,0.995456598898903
"663",1.28789128588128,1.06543633027201
"664",1.20708509855858,1.13352835738738
"665",1.19026013642507,1.26749830714293
"666",1.05417193887598,1.27427497572974
"667",1.05583511686296,1.45323236584875
"668",0.966525690744321,1.52300078879509
"669",0.899217907361331,1.63567130132447
"670",0.776217063537893,1.64954522586846
"671",0.677835952385168,1.71201818846686
"672",0.581820356984961,1.79065893428605
"673",0.443575078103692,1.72761086606931
"674",0.35129398816158,1.84154757688441
"675",0.231644466271411,1.83365476123379
"676",0.117257297429428,1.86375137226248
"677",-2.38401997919162e-15,1.94568770811893
"678",-0.116956699180227,1.85897349991056
"679",-0.23457826929249,1.85687820345415
"680",-0.36817001898721,1.93001482859288
"681",-0.476596626331771,1.85622130508934
"682",-0.584920617366605,1.80020055462358
"683",-0.732867227549659,1.85101132343501
"684",-0.796321242945497,1.69226878184218
"685",-0.885651018078173,1.6109932213318
"686",-1.04173900896566,1.6415180140235
"687",-1.18671826645837,1.63337756664619
"688",-1.18570028236914,1.43326543120633
"689",-1.33669532549975,1.42343594512498
"690",-1.49540606113763,1.40427976298657
"691",-1.60712825202944,1.32953211648374
"692",-1.63134105178224,1.18523865180079
"693",-1.76247107550047,1.11849815587599
"694",-1.68797783786362,0.927973669163816
"695",-1.77039443853695,0.833084386432307
"696",-1.87466417923711,0.742232055649763
"697",-1.86691897738895,0.606598747024665
"698",-1.99106422848492,0.511218404564163
"699",-2.06148076377973,0.393248487368306
"700",-2.04668381395563,0.258556294092725
"701",-2.15681384336124,0.135695225283138
"702",-2.07705805925652,-2.41780704107998e-15
"703",-2.19313628115614,-0.137980439370847
"704",-2.12151727773159,-0.268009959058512
"705",-2.01525193168514,-0.384429866009614
"706",-2.00196439026498,-0.514017090430231
"707",-1.9611937602331,-0.637230480828811
"708",-2.06132547038916,-0.816136488975206
"709",-2.04426588467852,-0.961958506630475
"710",-1.99721148345557,-1.09797630444253
"711",-1.86242437302688,-1.18193044733942
"712",-1.80755816069672,-1.31326787558932
"713",-1.64514787674209,-1.36098468540492
"714",-1.55161569592629,-1.45706412348229
"715",-1.49084368037944,-1.58758727043585
"716",-1.42343928014659,-1.72064251311375
"717",-1.26873812447808,-1.74626821634414
"718",-1.21029573699011,-1.90712091749136
"719",-1.1194525589125,-2.03627664531336
"720",-0.989351763912362,-2.10247951961766
"721",-0.865379226072837,-2.18569842709702
"722",-0.696646364021708,-2.14405704578263
"723",-0.591707367788253,-2.30454804290264
"724",-0.44943807840317,-2.35603691533218
"725",-0.293790239609903,-2.32558921150102
"726",-0.145113610570628,-2.30651479067011
"727",2.58929405730394e-15,-2.34787744521163
"728",0.145033212461467,-2.30523689931861
"729",0.298648558903016,-2.36404676866528
"730",0.461965594612464,-2.42170845511664
"731",0.598289799865864,-2.33018492320496
"732",0.713014393596043,-2.19443266093954
"733",0.886548230203203,-2.23916522828303
"734",1.01882011023942,-2.16510294324671
"735",1.21782876318367,-2.21522229657574
"736",1.30225038208293,-2.05201825271053
"737",1.45114075680191,-1.997323901721
"738",1.6241539318115,-1.96326484866143
"739",1.65410433017519,-1.76144220424947
"740",1.79842696830904,-1.68883533539005
"741",1.97338484906842,-1.63252592424143
"742",2.06426960601795,-1.49977965804091
"743",2.06377139607215,-1.30970915366702
"744",2.25835819450435,-1.24154292374643
"745",2.24776958367951,-1.05772007847491
"746",2.40987026089486,-0.954135133856944
"747",2.34144687780062,-0.76078220828046
"748",2.43299934381005,-0.624688056293733
"749",2.56893949883617,-0.49005141828525
"750",2.5058722061799,-0.316565278272085
"751",2.5269516972115,-0.158982325196099
"752",2.51008910727687,-1.84432264165896e-15
"753",2.63331563234949,0.165674176783109
"754",2.52815066971514,0.319379702723222
"755",2.66983009880844,0.509297329537918
"756",2.58045684841554,0.662548708485153
"757",2.49053708770464,0.809224553993782
"758",2.49382094775332,0.987373562142019
"759",2.47645935397727,1.16533331585567
"760",2.30714903074528,1.26836591295426
"761",2.21618784132945,1.40643557109038
"762",2.18544583857035,1.58781934437369
"763",2.14933488213074,1.77808445048683
"764",1.93114820397615,1.8134688715308
"765",1.8283033447401,1.94694531345227
"766",1.7368938884861,2.0995440458752
"767",1.64355788131841,2.26216335309456
"768",1.42881294217925,2.25144893593447
"769",1.33607816843878,2.4303171662298
"770",1.16619258735487,2.47828539886319
"771",1.04529897606314,2.64012384280996
"772",0.836008272947156,2.57296889859177
"773",0.687566873053825,2.67789616611288
"774",0.53948846254835,2.82809756057098
"775",0.348719584412054,2.76039974787671
"776",0.174980527993695,2.78123584899908
"777",-2.71466688531919e-15,2.76904339510947
"778",-0.185793199487776,2.95309834094365
"779",-0.35659585955393,2.82274688548438
"780",-0.5272776250271,2.76408610860541
"781",-0.740213615094008,2.88294168850919
"782",-0.914654554066392,2.81501726325251
"783",-1.07546324272298,2.7163100837163
"784",-1.27354634354099,2.70642374355341
"785",-1.45271090901842,2.64247133375603
"786",-1.60247377095106,2.52509461523201
"787",-1.73826836056583,2.39252114440987
"788",-1.9435095293133,2.34929945198209
"789",-2.10019354669325,2.23647897097643
"790",-2.13632137614759,2.00613930471663
"791",-2.32670270371623,1.92481587340275
"792",-2.46396863456176,1.79017800068042
"793",-2.52065037934491,1.59965337309425
"794",-2.63889994797383,1.45074752306986
"795",-2.82588460597841,1.32976035840099
"796",-2.908535077232,1.15157050164679
"797",-2.94777730546222,0.957790906653036
"798",-3.02683877672191,0.777160107731017
"799",-3.01899703394475,0.575904484692552
"800",-3.10449333503029,0.392188713404463
"801",-3.07948681558852,0.193744888314755
"802",-3.03063841843978,2.59793734435169e-15
"803",-3.10658455830667,-0.195449733781198
"804",-3.11272589344752,-0.393228727392339
"805",-3.03814432296457,-0.579557025417917
"806",-2.99491948085234,-0.768964625498053
"807",-2.96901506834866,-0.96469147411877
"808",-2.8987131558351,-1.14768172786555
"809",-2.85183013357249,-1.34196939694398
"810",-2.80904680887619,-1.54428655140694
"811",-2.73561795165761,-1.73607594283011
"812",-2.65047169313597,-1.92568040433765
"813",-2.45540811752249,-2.03129025153946
"814",-2.33314090938754,-2.19096514879477
"815",-2.14805517198064,-2.28744642520966
"816",-2.0834381591934,-2.51844410938446
"817",-1.92686671224942,-2.65210450589784
"818",-1.69985748576367,-2.6785467954438
"819",-1.54908227129056,-2.81777019096034
"820",-1.40901803869886,-2.99431575016488
"821",-1.18278517691068,-2.98737434742829
"822",-1.01580314799239,-3.12632062558695
"823",-0.840155902573386,-3.27219119857487
"824",-0.615496838169344,-3.22654741927844
"825",-0.421514404480478,-3.33663008292486
"826",-0.215928615650597,-3.43208706453224
"827",2.84933562329742e-15,-3.32128305728547
"828",0.208684775956338,-3.31694952966998
"829",0.421025619357994,-3.33276095027731
"830",0.628095377419959,-3.292591274884
"831",0.866769396170805,-3.37584391260812
"832",1.02679838201175,-3.16016047631572
"833",1.26603471810263,-3.1976386867579
"834",1.46885046676923,-3.12146613207705
"835",1.67659283716782,-3.04971104924806
"836",1.79983920068439,-2.83609276876611
"837",2.06764731249837,-2.84587237883357
"838",2.2589571094066,-2.7306100737541
"839",2.35966126802458,-2.51278403024983
"840",2.47634211357587,-2.32544003043595
"841",2.68732030883701,-2.22314470134295
"842",2.89069305269096,-2.10021143818961
"843",3.04033092152305,-1.9294526737187
"844",3.13120722296851,-1.72139573780653
"845",3.20794191437856,-1.50954288111019
"846",3.20200529837028,-1.26776358194349
"847",3.3397879067774,-1.08516287215245
"848",3.41142176238243,-0.875904235388566
"849",3.43929016401261,-0.656079687175372
"850",3.46683835653043,-0.437963534753618
"851",3.61361294861022,-0.227349256245295
"852",3.67607432464138,9.45864435737743e-15
"853",3.64600512034368,0.229387198951534
"854",3.6624018979922,0.462668955393209
"855",3.50987205308156,0.669543902607139
"856",3.46944487128575,0.89080203764781
"857",3.43861412709171,1.11727345763682
"858",3.49575239327731,1.38406628432016
"859",3.33132889498916,1.56760438695218
"860",3.17690263912978,1.74651700542508
"861",3.13178765358006,1.98749288077241
"862",2.98623164786593,2.16962429065014
"863",2.80912414053058,2.323909594215
"864",2.72409091940813,2.55809164485409
"865",2.5100899407048,2.67297429633789
"866",2.35596017758886,2.84786664053909
"867",2.21354669269039,3.04668564793782
"868",1.98446717073881,3.12701989746973
"869",1.80171918921929,3.27731503868661
"870",1.61971698153805,3.44207379566802
"871",1.36011780741844,3.43526544522219
"872",1.18898904975355,3.65933202430817
"873",0.933841858315881,3.63707390531023
"874",0.719800861622347,3.77332825846782
"875",0.489409981861616,3.87407891878771
"876",0.237975167939693,3.78250697854389
"877",-2.89705601802381e-15,3.9392069385387
"878",-0.247777572856748,3.93831174307566
"879",-0.483926078195516,3.83066935140473
"880",-0.744276444924842,3.9016337593943
"881",-0.970620629797345,3.78031776275074
"882",-1.20475212138253,3.70784577035595
"883",-1.41666685706566,3.5780920409433
"884",-1.71110263685672,3.63627819869503
"885",-1.93957676999198,3.52807704719862
"886",-2.12655502195507,3.35091452495128
"887",-2.33187176089484,3.20954613255293
"888",-2.47833614122732,2.99579376925925
"889",-2.66084375193711,2.83351079981703
"890",-2.8880060676762,2.71201821472814
"891",-3.05325134535235,2.5258691820127
"892",-3.16087353870657,2.29650905151711
"893",-3.46627556554125,2.19976536449822
"894",-3.49854381350537,1.92334073737481
"895",-3.66511984535674,1.72467448558705
"896",-3.69888590667479,1.4644925317997
"897",-3.90472419827427,1.26872180037655
"898",-3.8461605901,0.987526194503862
"899",-3.97449452431906,0.75817537917569
"900",-4.11514616237697,0.519863856907971
"901",-4.13889370280475,0.260397120110176
"902",-4.05714259855449,-9.94230366263082e-15
"903",-4.18087292838989,-0.263038229119451
"904",-3.99902043765118,-0.505193766281765
"905",-4.1114717033648,-0.784305173549791
"906",-4.06799546041577,-1.04448370840879
"907",-3.96088493737167,-1.2869695306643
"908",-3.78859754462901,-1.5000118819809
"909",-3.71459292191464,-1.74795474829688
"910",-3.63491920591764,-1.99831374379807
"911",-3.55669365806281,-2.25714643085956
"912",-3.37504873779517,-2.45211644209902
"913",-3.3042241630775,-2.73349195331841
"914",-3.00669245354816,-2.82347214965149
"915",-2.90530724946427,-3.09383798359098
"916",-2.67007410706135,-3.22756515564254
"917",-2.44689564578131,-3.36786292813303
"918",-2.30261806151183,-3.62834548275244
"919",-2.03587383415495,-3.70324075664407
"920",-1.86451430812895,-3.96229459517338
"921",-1.60216988723795,-4.0466192126774
"922",-1.29886031977541,-3.99748102326299
"923",-1.08291274898538,-4.21766669162328
"924",-0.799537465441564,-4.19132217382265
"925",-0.550657702867919,-4.35890455285375
"926",-0.26698819644235,-4.24365586113571
"927",2.64677132390683e-15,-4.3178698415868
"928",0.279895553752935,-4.44881243072452
"929",0.535349329245756,-4.23772629795796
"930",0.828558859857317,-4.34345765112989
"931",1.0986654898826,-4.27901956667822
"932",1.3577814545464,-4.1788216297393
"933",1.64225679986205,-4.14786719648588
"934",1.912062254646,-4.06333912493359
"935",2.12980752445559,-3.87410550499311
"936",2.38067671493682,-3.75134623883889
"937",2.65312321917368,-3.65171083165292
"938",2.83017284752779,-3.42109128842857
"939",2.99843867440039,-3.19301287808326
"940",3.28675821181292,-3.08647140240127
"941",3.46771215025202,-2.86874097861137
"942",3.68515661901015,-2.67742300607131
"943",3.76296492332082,-2.38805015632111
"944",4.00348834896431,-2.20093634484267
"945",4.13459812631919,-1.94559419541291
"946",4.27329753947664,-1.69191818580518
"947",4.33773403397552,-1.40941522465846
"948",4.35977417873795,-1.11939975015795
"949",4.46400143748761,-0.85155381691911
"950",4.53851249724744,-0.573347462847149
"951",4.51297879668943,-0.28393255931648
"952",4.62311652339995,1.07631114423548e-14
"953",4.54080519155968,0.285683247690631
"954",4.67483208669657,0.590568631852308
"955",4.63491736406143,0.88415777363471
"956",4.55894522339058,1.1705381826736
"957",4.51489807050817,1.46697930959205
"958",4.40299774544759,1.74327013009592
"959",4.16403057129032,1.95944405272507
"960",4.18810007738557,2.30242750139164
"961",3.92003481060811,2.48772973785674
"962",3.86599974639571,2.80881322901443
"963",3.55556512537544,2.9414192803012
"964",3.48781013280979,3.27527172313201
"965",3.26065622252919,3.47224620547562
"966",3.07994367480138,3.72301235379238
"967",2.75947308595338,3.79808886553301
"968",2.52608048263273,3.9804659146171
"969",2.30305125973809,4.18923468960576
"970",2.02268196864063,4.29841798325598
"971",1.75742265349509,4.43874293923209
"972",1.46822472135166,4.51873105377771
"973",1.19059449755077,4.63705941245472
"974",0.896114776351598,4.69759816738338
"975",0.60140412960597,4.76060388330442
"976",0.304333523451272,4.83724283598756
"977",-2.38380239473845e-15,4.85974390208721
"978",-0.305987132443144,4.86352619826302
"979",-0.617368980991953,4.88697869478811
"980",-0.910021070801111,4.77049751582054
"981",-1.20908407147309,4.70907154837935
"982",-1.52299892388567,4.68730871517852
"983",-1.84335123599032,4.65577376449782
"984",-2.12977389372891,4.52599990854012
"985",-2.38597302059122,4.34006881265026
"986",-2.67594386320596,4.21661281584304
"987",-2.95823024407316,4.07165462453329
"988",-3.16128593907256,3.82133826060837
"989",-3.33780114601417,3.55439720501725
"990",-3.63509712164913,3.41358341194579
"991",-3.89231043920598,3.2199992313709
"992",-4.03977529131591,2.93506855272622
"993",-4.16934439379275,2.64594641040838
"994",-4.40413896642265,2.42119588569432
"995",-4.53683293104582,2.13487152717764
"996",-4.74275543631919,1.8777897161164
"997",-4.83945793864449,1.57243520335629
"998",-4.92905472374071,1.26556615092103
"999",-4.89484008985629,0.933740685368535
"1000",-4.97942740603382,0.629047969221754
"1001",-5.11559886726419,0.321846200537043
"1002",-5.00921491933987,2.45440544236643e-14
